{"n_estimators": 783, "max_depth": 6, "learning_rate": 0.015062162113849184, "subsample": 0.673427122546905, "colsample_bytree": 0.5701609606117158, "min_child_weight": 17, "gamma": 4.85492744644214, "reg_alpha": 4.178540223712316, "reg_lambda": 0.9387477304158165}