{
  "Train": {
    "MAE": 8.03050703013651,
    "RMSE": 10.875179278328508,
    "MAPE": 1950.1148857429105,
    "R2": 0.947706612149598
  },
  "Val  ": {
    "MAE": 12.95673089348532,
    "RMSE": 17.022879829437528,
    "MAPE": 5559.938755625863,
    "R2": 0.8339690485568589
  },
  "Test ": {
    "MAE": 13.34679988441317,
    "RMSE": 17.79749724083036,
    "MAPE": 2125.9351673089022,
    "R2": 0.7938800992514724
  }
}