{"n_estimators": 1136, "max_depth": 6, "learning_rate": 0.01473018500978482, "subsample": 0.5871426403564618, "colsample_bytree": 0.5383476681263791, "min_child_weight": 18, "gamma": 0.7041823512818143, "reg_alpha": 4.600239319215753, "reg_lambda": 1.0035762286320007}