{"n_estimators": 1309, "max_depth": 8, "learning_rate": 0.011941968350433534, "subsample": 0.6110269057989048, "colsample_bytree": 0.43281229890132733, "min_child_weight": 3, "gamma": 1.9214132346630532, "reg_alpha": 1.7141125160187975, "reg_lambda": 4.348199897901736}