{"n_estimators": 1419, "max_depth": 9, "learning_rate": 0.012556561927951427, "subsample": 0.5939854882612475, "colsample_bytree": 0.4898487682383, "min_child_weight": 14, "gamma": 3.670491065009901, "reg_alpha": 3.5708038313273502, "reg_lambda": 0.6662157223516275}