{
    "threshold_pos": 123.86,
    "threshold_neg": 1.9880000000000246,
    "metrics": {
        "normal": {
            "MAE": 11.936860802670237,
            "RMSE": 15.82581997035605,
            "Bias": -8.211155475827427
        },
        "spike_pos": {
            "MAE": 14.365457083037406,
            "RMSE": 17.836231689811605,
            "Bias": 7.90240517356179
        },
        "spike_neg": {
            "MAE": 17.81129472161606,
            "RMSE": 24.409903798939116,
            "Bias": -16.85840557088956
        },
        "deltas": {
            "spike_pos - normal": {
                "MAE": 2.4285962803671683,
                "RMSE": 2.010411719455554,
                "Bias": 16.113560649389218
            },
            "spike_neg - normal": {
                "MAE": 5.874433918945824,
                "RMSE": 8.584083828583065,
                "Bias": -8.647250095062132
            }
        }
    }
}