{
  "Train": {
    "MAE": 4.240982167400806,
    "RMSE": 6.014216161103256,
    "MAPE": 963.5656955868736,
    "R2": 0.984006924214781
  },
  "Val  ": {
    "MAE": 10.297293840664477,
    "RMSE": 14.189060846538341,
    "MAPE": 4773.824146727648,
    "R2": 0.8846466285654837
  },
  "Test ": {
    "MAE": 12.353253684899732,
    "RMSE": 16.46654240931676,
    "MAPE": 2484.7377664183678,
    "R2": 0.8235560018631138
  }
}